Author,URL,Blocked
1-800 Contacts,https://www.facebook.com/1800Contacts,No
20playtesters,https://www.facebook.com/122096295914372708,No
28 Years Later: The Bone Temple,https://www.facebook.com/28yearslaterofficial,No
3 Bridges Brewing,https://www.facebook.com/510286074440485,No
76untd,https://www.facebook.com/76untdapparel,No
7th Generation Air Conditioning and Heating,https://www.facebook.com/738037281046290,No
A Real Woman,https://www.facebook.com/866543395502477,No
A U M,https://www.facebook.com/495851272552222,No
A&R Dumpsters & Hauling LLC,https://www.facebook.com/122139239294057315,No
AAA The Auto Club Group,https://www.facebook.com/193249753679488,No
AB CLOSETS FLORIDA,https://www.facebook.com/600430586450886,No
Abdulrahman K Abdullh,https://www.facebook.com/31856531917293714,No
"Absolute Aluminum, Inc.",https://www.facebook.com/1227920802694784,No
Academy Sports + Outdoors,https://www.facebook.com/1241610891347242,No
"Ace Screen Repair & More, LLC.",https://www.facebook.com/1164727822327943,No
Activia,https://www.facebook.com/691827712979349,No
Adam Hutchinson Photographer,https://www.facebook.com/1477334853474927,No
ADHD Meme Therapy,https://www.facebook.com/816369577185656,No
Adobe,https://www.facebook.com/1782355582431787,No
Adobe Acrobat,https://www.facebook.com/1159362729560878,No
Adobe Creative Cloud,https://www.facebook.com/786396466427267,No
Adobe Lightroom,https://www.facebook.com/1363691641780694,No
Adobe Photoshop,https://www.facebook.com/1272258391616103,No
Adobe Video,https://www.facebook.com/1252217743600403,No
Advance Auto Parts,https://www.facebook.com/advanceautoparts,No
Ad-VANCE Talent Solutions,https://www.facebook.com/10165160660080198,No
AdvoCare,https://www.facebook.com/773598601480163,No
Aegis Construction CGC1524141,https://www.facebook.com/755548646590209,No
AG1 by Athletic Greens,https://www.facebook.com/691567703008433,No
Agent Frog's Mobile Detailing,https://www.facebook.com/874330718504900,No
AI Fantasy,https://www.facebook.com/AI.Fantasy01,No
Airbnb,https://www.facebook.com/1164685092364365,No
All American Print Supply Co - Formerly DTG MART,https://www.facebook.com/910246587777382,No
All Clean Under The Sun & Home Staging,https://www.facebook.com/1118706063226270,No
ALL FREE Stuff AND ALL FREE,https://www.facebook.com/122106671834886609,No
All8bit,https://www.facebook.com/profile.php?id=61561745303880,No
Allen Prather II,https://www.facebook.com/10214422459391902,No
Allstate,https://www.facebook.com/1115321253969506,No
Ally,https://www.facebook.com/1079399537623161,No
Alyssa Cupo Reinbolt,https://www.facebook.com/10233530033726448,No
AmazingFeed,https://www.facebook.com/423015524024010,No
Amazon One Medical,https://www.facebook.com/amazononemedical,No
Amazon One Medical,https://www.facebook.com/1341412764071064,No
Amazon Web Services,https://www.facebook.com/1139624134864830,No
Ambrook,https://www.facebook.com/126501883616968,No
American Express Business,https://www.facebook.com/651761410328199,No
American Family Insurance,https://www.facebook.com/amfam,No
American Family Insurance,https://www.facebook.com/10159603497288428,No
"Amped Power Services, LLC",https://www.facebook.com/892277702810483,No
Anatomy Of A Drink,https://www.facebook.com/122097565130972503,No
Anavrin,https://www.facebook.com/byanavrin,No
Ancestry,https://www.facebook.com/AncestryUS,No
Anna: Ai Companion,https://www.facebook.com/profile.php?id=61584904138779,No
Anthony C. Leonard Roofing,https://www.facebook.com/1342492137374564,No
Any Time,https://www.facebook.com/995356999049336,No
Apartments.com,https://www.facebook.com/Apartments.com,No
AppPots,https://www.facebook.com/122103877743090920,No
Appropriately Inappropriate with Tara and Brian Podcast,https://www.facebook.com/profile.php?id=61565054947248,No
Architecture & Design,https://www.facebook.com/954320595880101,No
Arma3 Gameplay,https://www.facebook.com/816699311165961,No
Artisanal Cravings LLC,https://www.facebook.com/122113015052060524,No
Artist J,https://www.facebook.com/564858475430457,No
Asana,https://www.facebook.com/826130139559264,No
ASPCA,https://www.facebook.com/aspca,No
Aspen Dental,https://www.facebook.com/10160635400798072,No
AT&T Business,https://www.facebook.com/842724301227963,No
Audible,https://www.facebook.com/878327400990238,No
Augusta Cryer,https://www.facebook.com/10163622209123774,No
Awesome Inventions,https://www.facebook.com/854152649186419,No
Awkward Puppets,https://www.facebook.com/profile.php?id=100044566500607,No
Baileys,https://www.facebook.com/867167099298607,No
Barchart,https://www.facebook.com/617817860326850,No
Barilla,https://www.facebook.com/BarillaUS,No
Barton Thorn,https://www.facebook.com/1881863272161006,No
BASF,https://www.facebook.com/901187298719004,No
Bay Dream Services LLC,https://www.facebook.com/1073508114790435,No
Be A Man,https://www.facebook.com/181272234281438,No
Beachbilly Lifestyle,https://www.facebook.com/profile.php?id=100063614212198,No
Beaulieu Vineyard,https://www.facebook.com/830096918821871,No
Beazer Homes,https://www.facebook.com/1244408917718913,No
Being Liberal,https://www.facebook.com/1360182538113730,No
Bengals Meme's,https://www.facebook.com/1625399701919612,No
Benson Bee,https://www.facebook.com/510288322012927,No
Bentlee Bruno,https://www.facebook.com/568275562944726,No
Berkshire Hathaway HomeServices Florida Realty - Venice,https://www.facebook.com/1112881473222789,No
Best Buy,https://www.facebook.com/1428792495279521,No
Better U,https://www.facebook.com/betterucare1,No
Bianca Carranza,https://www.facebook.com/1394105754990430,No
Bigfoot-Un Censored,https://www.facebook.com/122122123442891837,No
Billy Nobles,https://www.facebook.com/24439222722335924,No
Bingo Country Boys,https://www.facebook.com/910549433314610,No
Bingo Country Days,https://www.facebook.com/bingocountrydays,No
Bingo Country Ways,https://www.facebook.com/735562401913267,No
Bingo Farm Ways,https://www.facebook.com/653088363504795,No
Bingo Star,https://www.facebook.com/776985027180985,No
Bitcoin Magazine,https://www.facebook.com/788813842651032,No
Bitrefill,https://www.facebook.com/Bitrefillofficial,No
Blaine Anderson • Matchmaker & Dating Coach,https://www.facebook.com/200948502616285,No
Blake Webber,https://www.facebook.com/3932311690169565,No
Blu' Island Bistro,https://www.facebook.com/1358211575792477,No
Bluehost,https://www.facebook.com/635932291902162,No
BMW USA,https://www.facebook.com/BMWUSA,No
Bonefish Grill,https://www.facebook.com/734900015346866,No
Boost Mobile,https://www.facebook.com/892228662937705,No
BPR,https://www.facebook.com/profile.php?id=100064789446400,No
Braun,https://www.facebook.com/721302376703348,No
Brittany Van Horne eats,https://www.facebook.com/122142003116190365,No
Brothers Pavers Inc,https://www.facebook.com/847012590553628,No
Build-A-Bear Workshop,https://www.facebook.com/759878219514210,No
Burden of Proof,https://www.facebook.com/10105068418675627,No
C&T Fence Co.,https://www.facebook.com/331373183201556,No
Caleb Miller,https://www.facebook.com/1434624630294165,No
Callie Briggs,https://www.facebook.com/122223049850150674,No
Calvin Beiler,https://www.facebook.com/7322660611134237,No
Cambria Hotels,https://www.facebook.com/720308536793219,No
Canon USA,https://www.facebook.com/1204051741762428,No
Capital One,https://www.facebook.com/8958805770833486,No
Capital One Business,https://www.facebook.com/1078397917778577,No
Capital One Café,https://www.facebook.com/10162385303539501,No
CareCredit,https://www.facebook.com/5173500966018489,No
Carley Shaw,https://www.facebook.com/10162448616198226,No
Carlin's Garden,https://www.facebook.com/1051698123634323,No
Carlos Alvarez,https://www.facebook.com/430007479599046,No
Carlos Daniel,https://www.facebook.com/694400319989507,No
Cars & Bids,https://www.facebook.com/1374300531374618,No
Carvana,https://www.facebook.com/2393623394120158,No
Casper,https://www.facebook.com/714895453999510,No
"Cassel & Cassel, P.A.",https://www.facebook.com/954253796709046,No
Cathy Windham Kitchens,https://www.facebook.com/484862297944667,No
"CG&F Home Services, LLC",https://www.facebook.com/402601149573437,No
Champagnecruz,https://www.facebook.com/789346010750776,No
Chan & Jamal,https://www.facebook.com/profile.php?id=100064042329344,No
Chappelle Roofing Florida,https://www.facebook.com/104213449131172,No
Chase Sapphire,https://www.facebook.com/596108723168917,No
Chevrolet,https://www.facebook.com/chevrolet,No
Chewy,https://www.facebook.com/662144329291125,No
Chick-fil-A Port Charlotte,https://www.facebook.com/1236788158569003,No
Chief.yummy,https://www.facebook.com/profile.php?id=61579616906336,No
Ching Bih Hwa,https://www.facebook.com/891719888570066,No
Chomps,https://www.facebook.com/656622369823608,No
Chopard,https://www.facebook.com/960413049618927,No
Christine Karsten Gordon,https://www.facebook.com/26397749126480930,No
Chuck Mosca,https://www.facebook.com/24380522728226217,No
Chunky Soup,https://www.facebook.com/674808568022332,No
Cigna Healthcare Global Individuals,https://www.facebook.com/1171479570224331,No
citizenM hotels,https://www.facebook.com/10159108455535700,No
Coca-Cola,https://www.facebook.com/TheCocaColaCo,No
Cochran’s Property Improvements LLC,https://www.facebook.com/122112206150272227,No
Cody Winchester,https://www.facebook.com/24924696797119152,No
Cole Epoxy Coatings,https://www.facebook.com/799988585472834,No
CookUnity,https://www.facebook.com/Cookunity.us,No
CookUnity,https://www.facebook.com/901709501963459,No
Cortisol in Control,https://www.facebook.com/122118957698564852,No
Crazy Five Sweet Treats,https://www.facebook.com/122258522594186802,No
CreativeLightingDesigns,https://www.facebook.com/CreativeLightingDesigns,No
Cricket Wireless,https://www.facebook.com/1197691849051640,No
Cristina Amaro Ortega,https://www.facebook.com/2105981803153374,No
CrownCoins Casino,https://www.facebook.com/129967003514415,No
Crunchyroll,https://www.facebook.com/1036380951189494,No
Csapunch,https://www.facebook.com/profile.php?id=100076180756239,No
Cuddle Clones,https://www.facebook.com/CuddleClones,No
Cuisinart,https://www.facebook.com/831115822389092,No
Cursed Posts,https://www.facebook.com/MostCursedPosts,No
CutRiteAluminum,https://www.facebook.com/394603933595729,No
Cutwater,https://www.facebook.com/602123798341282,No
Cydneyanne Hall,https://www.facebook.com/2574045356260434,No
Cymatics.fm,https://www.facebook.com/cymaticsFM,No
D&H.Renovattion.llc,https://www.facebook.com/864462271856208,No
Daily Feed,https://www.facebook.com/634515994837841,No
Danatyler Boutique,https://www.facebook.com/6293639403989598,No
Dandelion Sarasota,https://www.facebook.com/1176515064162234,No
Dave Orangecountyrocker Rivenbark,https://www.facebook.com/profile.php?id=100086518488346,No
David & Christy Griffin Realtors,https://www.facebook.com/122245150508083723,No
Dawn Fleshood Hughes,https://www.facebook.com/10226046147992707,No
Deferit USA,https://www.facebook.com/130395322565495,No
Dell Technologies,https://www.facebook.com/963568022476647,No
DellaDream,https://www.facebook.com/2490990407953727,No
DentaLife,https://www.facebook.com/1233562625462088,No
Depressed Houseghost,https://www.facebook.com/3019405734767641,No
"Designs by Dru, LLC",https://www.facebook.com/122097312572040547,No
"Destination Contracting, LLC",https://www.facebook.com/306147398602580,No
Detroit Lions,https://www.facebook.com/1411576266990852,No
Dexerto,https://www.facebook.com/1217726157019695,No
Discover,https://www.facebook.com/6465563343532786,No
Discover Southwest Florida,https://www.facebook.com/122101633713059422,No
Disney,https://www.facebook.com/DISNEY,No
Disney+,https://www.facebook.com/853580677325790,No
Dixie,https://www.facebook.com/1308433056686178,No
Dj-Clash Wfa,https://www.facebook.com/1182407459369257,No
DogSports4u Academy,https://www.facebook.com/746527617480234,No
Domino's Pizza,https://www.facebook.com/1263223535847483,No
Don't Tell the Bishop,https://www.facebook.com/profile.php?id=100041586259038,No
DreamgfE,https://www.facebook.com/profile.php?id=61582698361562,No
DreemoX,https://www.facebook.com/profile.php?id=61583838682060,No
Drielle Valladares,https://www.facebook.com/3603359536606276,No
Duluth Trading Company,https://www.facebook.com/1091006189733313,No
DUNS Service,https://www.facebook.com/122100335432561398,No
Eastview Pool & Recreation Center,https://www.facebook.com/494076729392387,No
eBay,https://www.facebook.com/200094652982684,No
Eight,https://www.facebook.com/eightsleep,No
Ej Badweather,https://www.facebook.com/profile.php?id=100057444556344,No
Elegant Designs by Patty,https://www.facebook.com/897211332874462,No
Elizabeth Mission of Dance,https://www.facebook.com/455163103425639,No
Elizabeth Rodriguez Upsyndromequeen Oly,https://www.facebook.com/profile.php?id=61564306471793,No
Emily RM,https://www.facebook.com/32959586013689350,No
Emily Welch Style,https://www.facebook.com/927262526174232,No
EmmaLee Sanders,https://www.facebook.com/profile.php?id=100006454587087,No
Epoxycraft Surfaces,https://www.facebook.com/10167768469555480,No
ESPN,https://www.facebook.com/820203536141919,No
ESPN FC,https://www.facebook.com/825383178952460,No
Ethel M Chocolates,https://www.facebook.com/2609929315972204,No
EVA Beauty Bar,https://www.facebook.com/122100157484359333,No
Everyday Health,https://www.facebook.com/969548695034827,No
"Everything Goes Home Improvement, LLC",https://www.facebook.com/581980864046947,No
"Exothermic Technologies, LLC",https://www.facebook.com/exothermictech,No
Expedia,https://www.facebook.com/191292903728348,No
F&E Forever,https://www.facebook.com/profile.php?id=100026627827951,No
Fabio Ormaechea,https://www.facebook.com/1792702214246196,No
Fabric of the Universe,https://www.facebook.com/fabricoftheuniverseLA,No
Fabrice Carreau,https://www.facebook.com/10227598033807882,No
Factor_,https://www.facebook.com/812044257241755,No
Fahad Manzoor Seo,https://www.facebook.com/122177476142558099,No
fairlife,https://www.facebook.com/955882796398909,No
Fanatics Collect,https://www.facebook.com/122124389264416293,No
Fandango,https://www.facebook.com/1218935416262238,No
FCC Theater Troupe,https://www.facebook.com/6890029274342208,No
Feliz Bridal Couture,https://www.facebook.com/540530327888072,No
Ferguson Home,https://www.facebook.com/1058868942932528,No
FINAL FANTASY XIV,https://www.facebook.com/181671644557298,No
First Horizon Bank,https://www.facebook.com/936728817397369,No
Five Star Sunny Memes,https://www.facebook.com/1423210749177038,No
Fiverr,https://www.facebook.com/1065683955779316,No
FleetPride,https://www.facebook.com/700149035472581,No
flipperzero,https://www.facebook.com/flipperzero,No
FLOCO Decking Systems,https://www.facebook.com/1008228136827536,No
Florida Blue,https://www.facebook.com/2457771117687549,No
Florida Boat Adventures,https://www.facebook.com/122137627862461364,No
Florida Curb Wench,https://www.facebook.com/122097494294086168,No
Florida Gulf Coast Destinations,https://www.facebook.com/5653852761381425,No
Florida Harbour Storm Protection,https://www.facebook.com/277682641678702,No
Florida's Handyman,https://www.facebook.com/7359499667398290,No
FOAMfrat,https://www.facebook.com/3128129200792550,No
ForAmerica,https://www.facebook.com/ForAmerica,No
Ford Motor Company,https://www.facebook.com/1186360906872565,No
Ford Motor Company,https://www.facebook.com/Ford,No
Four Seasons Hotels and Resorts,https://www.facebook.com/1262087949292237,No
FREE FOOD AND FREE FURNITURE GIVEAWAYS,https://www.facebook.com/1913715592781268,No
FREE FREE RV VAN GIVEAWAY FOR HOMELESS PEOPLE'S,https://www.facebook.com/2111821249335320,No
FREE FREE TINY HOUSE,https://www.facebook.com/122132858954837478,No
FREE House,https://www.facebook.com/122124701084896052,No
Free the Sheep,https://www.facebook.com/freethesheepco,No
Freeda Ostis,https://www.facebook.com/506810348324483,No
Freedom Boat Club,https://www.facebook.com/902165958593382,No
Fresh Soto,https://www.facebook.com/122163885644783719,No
Friends of Sleeping Bear Dunes,https://www.facebook.com/FriendsOfTheDunes,No
FSA Store,https://www.facebook.com/FSAstore,No
Funny Work Memes,https://www.facebook.com/1109185534587406,No
Future I T College,https://www.facebook.com/122163518978582579,No
G Home Cleaning Services,https://www.facebook.com/191032346773037,No
Garden Bros Circus,https://www.facebook.com/1395101415740770,No
Gayle Berthiaume Art and Photography,https://www.facebook.com/479617784182877,No
GEICO,https://www.facebook.com/10160541678044228,No
General Motors,https://www.facebook.com/generalmotors,No
getqcareplus,https://www.facebook.com/getqcareplus,No
Gillette,https://www.facebook.com/593307832943525,No
Gina Bakke FLORIDA REALTOR,https://www.facebook.com/608261945683018,No
Gispert Construction,https://www.facebook.com/557917426985334,No
GlassesUSA.com,https://www.facebook.com/235936672417744,No
Glenn Smith,https://www.facebook.com/2049752262440543,No
Gloria Ab,https://www.facebook.com/122173554866392510,No
GoatGuns,https://www.facebook.com/goatguns,No
"God, we Hate Trump.",https://www.facebook.com/303609521799374,No
GoDaddy,https://www.facebook.com/10158666059380686,No
GoDominicanRepublic,https://www.facebook.com/820640886773637,No
Golden Globes,https://www.facebook.com/1328571429310537,No
Goldfish,https://www.facebook.com/944803531027576,No
Gonjous Won,https://www.facebook.com/122111872401056550,No
gopuff,https://www.facebook.com/gopuff,No
Goslnt,https://www.facebook.com/goslnt,No
GQ,https://www.facebook.com/gq,No
GQ,https://www.facebook.com/780926160077250,No
Grammarly,https://www.facebook.com/1227074616123067,No
Grass Roots Latinos,https://www.facebook.com/602371202419392,No
Grazly,https://www.facebook.com/grazlyco,No
Greenworks by Patty G,https://www.facebook.com/122153068280236149,No
Grown Brilliance,https://www.facebook.com/grownbrilliancejewelry,No
"Gulf Coast Painting & More, LLC",https://www.facebook.com/636927568868414,No
Gusto,https://www.facebook.com/960946102744537,No
Gutters Installations,https://www.facebook.com/1155793583380496,No
H.flames,https://www.facebook.com/profile.php?id=61579516076962,No
HappyKelli,https://www.facebook.com/Kelladactyl,No
Hard Rock Bet,https://www.facebook.com/548948294421550,No
Harley-Davidson,https://www.facebook.com/997655124977797,No
Hassan Seo,https://www.facebook.com/122101491842518447,No
Hassle free TV,https://www.facebook.com/886297743498493,No
Havertys Furniture,https://www.facebook.com/1205390466818683,No
HelloFresh,https://www.facebook.com/1207640218070117,No
Hernando County Sheriff's Office,https://www.facebook.com/HernandoSheriff,No
Hertz,https://www.facebook.com/hertz,No
Hicks And Giggles,https://www.facebook.com/profile.php?id=100071039162128,No
High Roller Games,https://www.facebook.com/759273903085303,No
High Times,https://www.facebook.com/profile.php?id=100064731366153,No
Highlights for Children,https://www.facebook.com/HighlightsforChildren,No
Hilton,https://www.facebook.com/1013560744313038,No
hims,https://www.facebook.com/269313502244234,No
Hi-Res Homes,https://www.facebook.com/847023870301070,No
Holidaypirates.com,https://www.facebook.com/4719695868042000,No
Home Construction & Services SWFL,https://www.facebook.com/471030341704403,No
Homes.com,https://www.facebook.com/homesdotcom,No
"Horenstein, Nicholson & Blumenthal, LPA",https://www.facebook.com/HNBLaw,No
Housecall Pro,https://www.facebook.com/1288920985004477,No
How History Is Created,https://www.facebook.com/122201763878308711,No
HP,https://www.facebook.com/1166823511556889,No
Hugo Soto,https://www.facebook.com/1467529720896889,No
Hulu,https://www.facebook.com/1410162573803672,No
Hungry Minds Publishing,https://www.facebook.com/Civilization.Rebuilding,No
Hyperspace Lighting,https://www.facebook.com/hyperspacelighting,No
I Bet I Can Find One Million People Who Love Their Pets Unconditionally,https://www.facebook.com/5984156085010218,No
IBEW 683,https://www.facebook.com/ibew683,No
IBI India Business Insights,https://www.facebook.com/108848558579224,No
IJR,https://www.facebook.com/1373308874351559,No
Ilene Schwartz-Harwood,https://www.facebook.com/10230034253425997,No
In The Mind Of Robert,https://www.facebook.com/1161033979384241,No
Infinite Serenity Massage & Holistic Care,https://www.facebook.com/417562264572065,No
Innerwell,https://www.facebook.com/110606961655943,No
Instacart,https://www.facebook.com/629790189816861,No
Intuit Mailchimp,https://www.facebook.com/639730898190816,No
Intuit QuickBooks,https://www.facebook.com/661250099364770,No
J.P. Morgan,https://www.facebook.com/2025058450979994,No
James Avery Artisan Jewelry,https://www.facebook.com/656434299861260,No
Janine Brooks-BHHS Florida Realty Sl3602748,https://www.facebook.com/1176564394656913,No
Jazzercise Venice,https://www.facebook.com/122170604798328270,No
JiggaJaic,https://www.facebook.com/profile.php?id=100044526815714,No
JimJo Lightbody,https://www.facebook.com/122237888186167878,No
JNCO,https://www.facebook.com/981073997380037,No
Junker Picker Upper,https://www.facebook.com/1892317171118082,No
Justice Ahwayz Wynnz,https://www.facebook.com/3807673569388990,No
Kaneki Xsword,https://www.facebook.com/122213282312055605,No
Kari Bundy - Health Activist,https://www.facebook.com/314260867373760,No
Karina Gil,https://www.facebook.com/10235405631379495,No
Kariss Farris,https://www.facebook.com/karissfarris,No
Karl Ginalski,https://www.facebook.com/10163362528329146,No
Kat Stickler,https://www.facebook.com/profile.php?id=100068183794289,No
Katana US,https://www.facebook.com/profile.php?id=61561994561647,No
Katerina Androsov,https://www.facebook.com/853331250712670,No
Kathie Rogers-Buckley,https://www.facebook.com/10240116304422330,No
Kathy Powell McSteen,https://www.facebook.com/1169457693663066,No
KatieandDoug Salvatori,https://www.facebook.com/1060114398709234,No
Katy Luca,https://www.facebook.com/742782215481550,No
Kay Lowery Bhatti,https://www.facebook.com/10223159209435950,No
Kc Dsb,https://www.facebook.com/25639741719048259,No
KDog Merchandising,https://www.facebook.com/730043982900186,No
Keith Bozeman Sells Homes,https://www.facebook.com/10234874048058176,No
"Keith Mosley PA, Realtor at LPT Realty",https://www.facebook.com/732787905520180,No
Keys Huka Dive,https://www.facebook.com/1437714915021365,No
Keystone SMB Technologies,https://www.facebook.com/122112760143033286,No
Kid Clubhouse,https://www.facebook.com/1218727659020995,No
Kikoff,https://www.facebook.com/573543617320082,No
Kinesiology Tape,https://www.facebook.com/10163675905903013,No
Kingdom of Rescreening and Painting Pool Cage LLC,https://www.facebook.com/114120441531873,No
Kirstien Paige Anglero,https://www.facebook.com/1470181121074502,No
KittyVon,https://www.facebook.com/1271052214834152,No
KnowRLT,https://www.facebook.com/KnowRLT,No
KnowRLT,https://www.facebook.com/25265675556358936,No
Koi,https://www.facebook.com/profile.php?id=61562191473785,No
"Koi Cafe LLC - Venice, FL",https://www.facebook.com/106360948633491,No
Kona Big Wave,https://www.facebook.com/1196948999144950,No
Koworx Coworking Space,https://www.facebook.com/1354054313387166,No
Kraken Digital Asset Exchange,https://www.facebook.com/700105445485560,No
Kustomized Kurbing,https://www.facebook.com/122100744008089162,No
L.L.Bean,https://www.facebook.com/693182269524495,No
La Comedia Dinner Theatre,https://www.facebook.com/1082793153884112,No
LAC ReScreening LLC,https://www.facebook.com/521316263130777,No
Lanai Lights,https://www.facebook.com/4463650313743094,No
Land Rover Discovery,https://www.facebook.com/122136461030140072,No
"Lashes Nails & Spa - Venice, FL",https://www.facebook.com/447011180777023,No
Laurene Carr Beaty,https://www.facebook.com/26125043637082120,No
Law&Crime,https://www.facebook.com/profile.php?id=100068624558701,No
Ledo Pizza,https://www.facebook.com/851179083713494,No
LeeAnn's Paradise Vacation Rentals,https://www.facebook.com/124723876955483,No
LegalZoom,https://www.facebook.com/216294201215045,No
LEGO,https://www.facebook.com/LEGO,No
Lenka Hair Salon,https://www.facebook.com/1214613317342827,No
Lennease Coleman,https://www.facebook.com/672821498807808,No
Lenor Home Repairs,https://www.facebook.com/707420630791787,No
Lenovo,https://www.facebook.com/10162026648869635,No
Lhan Solis,https://www.facebook.com/122182636154494520,No
LifeLock,https://www.facebook.com/10159772125392953,No
likereallyanxious,https://www.facebook.com/122108735600745888,No
Linch Construction,https://www.facebook.com/10229889546919113,No
Linejunk,https://www.facebook.com/971747515065883,No
Lisa Allore,https://www.facebook.com/819312660401925,No
Lists and Laughs,https://www.facebook.com/327206519825656,No
Liza Neha,https://www.facebook.com/819042514338475,No
Ljilja Kovacevic Stoj,https://www.facebook.com/10235928359457382,No
"Local Boy Pressure Washing & More, LLC",https://www.facebook.com/609151960769273,No
Local Spot 941,https://www.facebook.com/107390878780563,No
Logn Krmr,https://www.facebook.com/9145145432211370,No
Lois Richardson,https://www.facebook.com/111568247212856,No
Lola: AI Girlfriend,https://www.facebook.com/profile.php?id=61583942334852,No
Low Rider Dachshund Rescue of Florida,https://www.facebook.com/759615379539457,No
Lowe's Home Improvement,https://www.facebook.com/10160676373821231,No
Luigi the Italian Cooking Guy,https://www.facebook.com/384378544119072,No
Lumber Liquidators,https://www.facebook.com/1016543207167570,No
Luminovva,https://www.facebook.com/profile.php?id=100093969055976,No
Lutron Electronics,https://www.facebook.com/438639472057053,No
Mêrcêdês Mêndêz,https://www.facebook.com/1982869799278090,No
Macieira Services CORP,https://www.facebook.com/192891280451677,No
Mad River Local Schools,https://www.facebook.com/1021404912545337,No
Maid For Paradise,https://www.facebook.com/106347571819710,No
Mark Foster Auto Sales,https://www.facebook.com/1415763066677762,No
Mauricio Li,https://www.facebook.com/4689554781112392,No
Maverickmother,https://www.facebook.com/profile.php?id=100076301375246,No
Max Purdy,https://www.facebook.com/1426872292496930,No
Maximum Life with Zach Terry,https://www.facebook.com/maximumlifewithzachterry,No
Mayo Clinic,https://www.facebook.com/MayoClinic,No
Mayo Clinic,https://www.facebook.com/1053764033453040,No
Mazda of Port Charlotte,https://www.facebook.com/741569411520365,No
McAfee,https://www.facebook.com/10159412157360250,No
Meanwhile in Australia,https://www.facebook.com/1231403921776697,No
MedVet,https://www.facebook.com/medvetforpets,No
MeliáRewards,https://www.facebook.com/MeliaRewards,No
MeliáRewards,https://www.facebook.com/1042116427946862,No
Mercury,https://www.facebook.com/509176654551291,No
Merge Comun,https://www.facebook.com/754858204147505,No
Merrick Pet Care,https://www.facebook.com/821010093386060,No
Meta,https://www.facebook.com/836487459040466,No
Meta,https://www.facebook.com/Meta,No
Meta Quest,https://www.facebook.com/1177375831087063,No
Michelob ULTRA,https://www.facebook.com/1146584890249862,No
Microsoft,https://www.facebook.com/Microsoft,No
Microsoft Azure,https://www.facebook.com/662307129269144,No
Modern Creations Hair Salon,https://www.facebook.com/122096008616595192,No
Monarch,https://www.facebook.com/MonarchMoney,No
MoneyGram,https://www.facebook.com/1272634504890841,No
Mount Carmel Health,https://www.facebook.com/mountcarmelhealth,No
Mr Pibb,https://www.facebook.com/122107422033024132,No
Mrs. T's Pierogies,https://www.facebook.com/467853708706496,No
MSG Multiservices Solutions Group,https://www.facebook.com/279882685088025,No
MUBI US,https://www.facebook.com/mubiusa,No
My Emotional Support Animal,https://www.facebook.com/122126194676381889,No
My IQ,https://www.facebook.com/MyIQapp,No
MY Promotions,https://www.facebook.com/1155035013293791,No
Nancy Grace,https://www.facebook.com/10157037274063287,No
NÜTRL Vodka Seltzer,https://www.facebook.com/855548743332185,No
Native American Culture & History,https://www.facebook.com/122236956206173381,No
Nature Made,https://www.facebook.com/791351492431835,No
Nelson Gispert,https://www.facebook.com/1998139814085777,No
Neo4ic,https://www.facebook.com/neo4ic,No
NEON,https://www.facebook.com/neonrated,No
NerdMovieProducti0ns,https://www.facebook.com/568860881274104,No
Neurodivergent Rebel,https://www.facebook.com/1444377213717903,No
New Orleans Saints,https://www.facebook.com/1145322696963742,No
News 2.4,https://www.facebook.com/122153897534125321,No
NFL on FOX,https://www.facebook.com/1165208641634129,No
Nicki Unplugged,https://www.facebook.com/profile.php?id=100076246478145,No
Nicky Shevchenko,https://www.facebook.com/10220747385930551,No
Nika Diwa,https://www.facebook.com/1276921457707098,No
Nike,https://www.facebook.com/10159903868513445,No
Nike,https://www.facebook.com/nike,No
Nikon,https://www.facebook.com/nikonusa,No
Noah Keiter,https://www.facebook.com/5816637555048992,No
Noom,https://www.facebook.com/4423350884417783,No
Norton,https://www.facebook.com/10158460405910703,No
NOVA Home Studio,https://www.facebook.com/972629367269584,No
NowThis Impact,https://www.facebook.com/1074366038061893,No
Nu Image Medical,https://www.facebook.com/5232832853470569,No
Nutrisystem,https://www.facebook.com/1009603156657877,No
Oakley Meta,https://www.facebook.com/122185229954525832,No
Occupy Democrats,https://www.facebook.com/493851512846428,No
OctapharmaPlasma,https://www.facebook.com/OctapharmaPlasma,No
Ohio Department of Transportation,https://www.facebook.com/OhioDepartmentOfTransportation,No
OluwaTobi Ajose,https://www.facebook.com/858944703215715,No
Omaha Steaks,https://www.facebook.com/10160754948201414,No
OMEGA Watches,https://www.facebook.com/1255586169950513,No
On a Mission Remodeling,https://www.facebook.com/357443532745612,No
One Love Home Repair LLC,https://www.facebook.com/910475623585776,No
Onnit,https://www.facebook.com/1138047045033712,No
OpenAI,https://www.facebook.com/1117141433540799,No
OpenAI,https://www.facebook.com/openai,No
Orange County Rocker,https://www.facebook.com/profile.php?id=100090151333927,No
Oreoluwa Tunde-sanni,https://www.facebook.com/4166954153544590,No
OTEZLA® (apremilast),https://www.facebook.com/OTEZLA,No
OTEZLA® (apremilast),https://www.facebook.com/1582300618924742,No
Other Perspectives,https://www.facebook.com/740626661442093,No
Oyster Bay Wines,https://www.facebook.com/659906939518020,No
Packers Nation,https://www.facebook.com/592033356366361,No
Palm Studio & Boutique,https://www.facebook.com/1384556260107552,No
"Pampered Movers: Your Moving, Packing and Storage Specialist",https://www.facebook.com/512306760902162,No
Paradise Pressure Washing and More LLC - Paradise Property Solutions,https://www.facebook.com/832149826363146,No
Partners in Paradise / Paradise Exclusive / Tawnya and Jonathan Hile,https://www.facebook.com/757998470292419,No
Patriot Gear,https://www.facebook.com/735311201982646,No
Paula’s Painting and Handyman Solutions,https://www.facebook.com/182370940837050,No
Paychex,https://www.facebook.com/587962366865541,No
"Peace of Mind Services, LLC",https://www.facebook.com/517954397755022,No
Peacock TV,https://www.facebook.com/999456022342322,No
Pelicans and Flamingos,https://www.facebook.com/185281207684733,No
Pellegrini and Son,https://www.facebook.com/444848557652755,No
Penn Foster,https://www.facebook.com/10160212076948474,No
pepper steps,https://www.facebook.com/profile.php?id=61568559697492,No
Philadelphia Cream Cheese,https://www.facebook.com/1210540776252808,No
Phoenix Energy,https://www.facebook.com/1145085520954380,No
Pijawki Medyczne,https://www.facebook.com/102613165485696,No
Pikacodes,https://www.facebook.com/175981188929908,No
Pillsbury,https://www.facebook.com/872057364969609,No
Pilot Institute,https://www.facebook.com/496013395868152,No
Pizza Hut,https://www.facebook.com/1199453298881208,No
Planet Fitness,https://www.facebook.com/planetfitness,No
Polish Market,https://www.facebook.com/122215631990151996,No
POM Wonderful,https://www.facebook.com/pomwonderful,No
Porsche USA,https://www.facebook.com/475731652027790,No
Potbelly Sandwich Works,https://www.facebook.com/potbelly,No
Pour Man's Brewing Company,https://www.facebook.com/profile.php?id=100045363736476,No
Power Up Generator Solutions,https://www.facebook.com/748102214664592,No
Pozon Pozon,https://www.facebook.com/122127444620402039,No
Precision Home Builders,https://www.facebook.com/768276806284800,No
Preice Anderson,https://www.facebook.com/profile.php?id=1471420148,No
Prepper Press,https://www.facebook.com/546029114196409,No
President Joe Biden Archived,https://www.facebook.com/356649429795360,No
Prestige And Love Cleaning Services LLC,https://www.facebook.com/583894034444810,No
Prestige Dental,https://www.facebook.com/532002392261171,No
Prime Video,https://www.facebook.com/PrimeVideo,No
Privarase,https://www.facebook.com/122119476404272577,No
PrivatePil0t,https://www.facebook.com/profile.php?id=100094402050851,No
Progressive,https://www.facebook.com/985447900280058,No
Progressive Truck Insurance,https://www.facebook.com/651074990396160,No
Purdue Global,https://www.facebook.com/926927486135083,No
Purify Venice,https://www.facebook.com/701431572043798,No
Purina,https://www.facebook.com/1008533617606126,No
Purina Friskies,https://www.facebook.com/1107722971011398,No
Purina Pro Plan Vet,https://www.facebook.com/751023194208942,No
Purina Tidy Cats,https://www.facebook.com/533323998917472,No
Quality Plus Roofing LLC,https://www.facebook.com/504595658990540,No
Quiet Strength Martial Arts,https://www.facebook.com/783719953339170,No
RaceTrac,https://www.facebook.com/908337751327694,No
Radial Engineering Ltd.,https://www.facebook.com/radialeng,No
Raghav AI,https://www.facebook.com/122106764535096375,No
Raid: Shadow Legends,https://www.facebook.com/1264183745745090,No
Ranbybox,https://www.facebook.com/profile.php?id=61580377005218,No
Range Rover,https://www.facebook.com/1205190171651262,No
Rao's Homemade,https://www.facebook.com/10158646088932404,No
Ray-Ban Meta,https://www.facebook.com/122286995480017094,No
Raymond Mercado,https://www.facebook.com/3997166483832123,No
Really Very Crunchy,https://www.facebook.com/700718425862303,No
Red Grouper Tavern,https://www.facebook.com/544181978428360,No
Redbubble,https://www.facebook.com/Redbubble,No
Reddit Stories,https://www.facebook.com/831848273048546,No
Reese's,https://www.facebook.com/1112044820967254,No
Remitly,https://www.facebook.com/1059713072847851,No
Replace My Cage,https://www.facebook.com/122193587720238848,No
Requinte General Services,https://www.facebook.com/3536105213333111,No
Resti Vlog,https://www.facebook.com/2464637560587764,No
RIGHT ACCORD Private Duty - Home Health Care,https://www.facebook.com/890336353098088,No
RissFit Warrior,https://www.facebook.com/profile.php?id=100085176064461,No
Risttel Morales,https://www.facebook.com/24730870746516290,No
Rita Bells,https://www.facebook.com/3708613042688452,No
Rotten Tomatoes,https://www.facebook.com/1258767569611830,No
Rover.com,https://www.facebook.com/555253513461719,No
Rss Becker,https://www.facebook.com/1474423957171235,No
Rudi Guerra,https://www.facebook.com/132381269262452,No
RunitUp Jordan,https://www.facebook.com/profile.php?id=100004073349757,No
Rustic Water,https://www.facebook.com/351844570281501,No
SacredChad,https://www.facebook.com/profile.php?id=61574195426302,No
SafiyaWitt,https://www.facebook.com/profile.php?id=100068407945880,No
Sage,https://www.facebook.com/807321808101514,No
San Marco of Venice,https://www.facebook.com/1383686583068222,No
Sandbox VR,https://www.facebook.com/playsandbox,No
Sarasota Fine Art Festivals,https://www.facebook.com/1421687213298700,No
Sarasota Police Department,https://www.facebook.com/SarasotaPoliceDepartment,No
Sarcastic Bro,https://www.facebook.com/615066476758113,No
"Sassy Sisters, Inc.",https://www.facebook.com/521206186674612,No
Savaş Temel,https://www.facebook.com/10162680604149609,No
Savor 100x35,https://www.facebook.com/480340730768064,No
Screen Rant,https://www.facebook.com/413673713950335,No
ScreenGeek,https://www.facebook.com/909740800045974,No
Seabourn,https://www.facebook.com/Seabourn,No
Seafood Bar at The Breakers,https://www.facebook.com/720166143199736,No
Sean Brennan,https://www.facebook.com/10160004583883805,No
SeanDoesMagic,https://www.facebook.com/profile.php?id=100058234352296,No
Sebastian Schmidt,https://www.facebook.com/10234899199842632,No
Section 8 Apartmenr,https://www.facebook.com/122120395526864244,No
section8ApartmentASAP,https://www.facebook.com/122121570356822863,No
Sendwave,https://www.facebook.com/427943729613260,No
Sequencing,https://www.facebook.com/3350943898516631,No
Serenity sips,https://www.facebook.com/122151030974356075,No
ServiceTitan,https://www.facebook.com/ServiceTitan,No
Shell USA,https://www.facebook.com/710240257814716,No
Shirley Stodghill St John,https://www.facebook.com/187946497479035,No
Silvia Eloisa Price Realtor,https://www.facebook.com/122214411152208817,No
Simply Beverages,https://www.facebook.com/10159856099247733,No
Skechers World Champions Cup supporting Shriners Children's,https://www.facebook.com/1145023694352938,No
Skincare Reviews,https://www.facebook.com/1749968089723987,No
SkinnyPop,https://www.facebook.com/1036938208474813,No
Slightly Stoopid,https://www.facebook.com/slightlystoopid,No
Sling TV Desi,https://www.facebook.com/927072659429093,No
Snagit,https://www.facebook.com/649477980541610,No
SoFi,https://www.facebook.com/1295748174370713,No
Solange Summers Realtor,https://www.facebook.com/122166805892794323,No
SoleSuperior JunkRemoval & Hauling,https://www.facebook.com/1143585037908035,No
Sommer Nicole DesJardins,https://www.facebook.com/10228436024551177,No
Sonny's Boat Tours and Charters,https://www.facebook.com/350250661391320,No
Southern Saw Creations LLC,https://www.facebook.com/110010911675379,No
Spectrum,https://www.facebook.com/917451883753488,No
Spectrum News 13,https://www.facebook.com/LikeNews13,No
Spotify,https://www.facebook.com/872812331557347,No
Spotify,https://www.facebook.com/650322930472827,No
Spud,https://www.facebook.com/profile.php?id=100046095223197,No
Squarespace,https://www.facebook.com/282893067431911,No
SRQ GC & Development,https://www.facebook.com/487020097615751,No
Stackz Floridas Favorite,https://www.facebook.com/122358675710001445,No
Stephen Zeno - Real Estate Sales,https://www.facebook.com/122152201976009069,No
Stilettos & Shotguns,https://www.facebook.com/1308563144193274,No
Stonebrook Exterior of Southwest Florida,https://www.facebook.com/658816530454406,No
Storyblocks,https://www.facebook.com/446912887442785,No
Stouffer’s,https://www.facebook.com/873566241463557,No
Straight Talk,https://www.facebook.com/974270868072815,No
Stranger Things,https://www.facebook.com/StrangerThingsTV,No
Sublime Concepts,https://www.facebook.com/122203760276281545,No
Suncoast Builders and Roofing - Home of Roofs4Less.com,https://www.facebook.com/832552036300632,No
"Sunrise Aluminum, LLC.",https://www.facebook.com/218015694299881,No
Sweet Sunsets & Dolphin Tours,https://www.facebook.com/937846978519194,No
Tampa Bay 28 - WFTS,https://www.facebook.com/1281534484008956,No
TampaFurnitureOutlet,https://www.facebook.com/TampaFurnitureOutlet,No
Target Dayton Ministries,https://www.facebook.com/339511634876223,No
Tattoo'd Lifestyle Magazine,https://www.facebook.com/1092837922885138,No
TaxSlayer Pro,https://www.facebook.com/568883875240084,No
TD,https://www.facebook.com/706273608193841,No
Tech Pulse,https://www.facebook.com/122198291654508049,No
Tech Surge,https://www.facebook.com/122096981673133768,No
Tech Whiz Ajith,https://www.facebook.com/122208927698014268,No
Thaylon’s pavers pro LLC,https://www.facebook.com/101788769224813,No
The Banyan House,https://www.facebook.com/227635746865515,No
The Beach Is My Happy Place,https://www.facebook.com/323148126997354,No
The Bret Crow Show,https://www.facebook.com/profile.php?id=100063473539683,No
The Buttress Pillow,https://www.facebook.com/thebuttresspillow,No
"The Coral Shoppe, for People, Pets & Home",https://www.facebook.com/122105178560528777,No
The Designery Columbus,https://www.facebook.com/TheDesigneryColumbus,No
The Dugout Cafe,https://www.facebook.com/1143075221157931,No
The Gathering Place,https://www.facebook.com/396888599112725,No
The General Insurance,https://www.facebook.com/225779713452712,No
The Gilbert Twins,https://www.facebook.com/profile.php?id=100083683747138,No
The Glenlivet,https://www.facebook.com/957266156444712,No
The Grill At 1951,https://www.facebook.com/194283529549023,No
"The Heights Aluminum, Inc.",https://www.facebook.com/573378307745969,No
The Hill,https://www.facebook.com/922476473074108,No
The Home Depot,https://www.facebook.com/659649199540273,No
The Independent,https://www.facebook.com/10159517494516636,No
The Lighter Side of Real Estate,https://www.facebook.com/1188386808550308,No
The NCISverse,https://www.facebook.com/1088150762677229,No
The North Face,https://www.facebook.com/964251049081858,No
The Nostalgic 90s,https://www.facebook.com/TheNostalgic90s,No
The Puig Family,https://www.facebook.com/867432959558438,No
The Pun Guys,https://www.facebook.com/thepunguys,No
The Quist Family,https://www.facebook.com/profile.php?id=100093435039068,No
The Real Rahul Rai,https://www.facebook.com/profile.php?id=100058243263540,No
The Titans Grip,https://www.facebook.com/profile.php?id=61580917970038,No
The USAA Educational Foundation,https://www.facebook.com/3587933858110142,No
The View,https://www.facebook.com/1071128564369088,No
the_regulators_again,https://www.facebook.com/profile.php?id=100041858176213,No
TheMiniblaster,https://www.facebook.com/profile.php?id=61574096476659,No
Thumbtack,https://www.facebook.com/955901585638214,No
Tiki Tyme Beach Shop,https://www.facebook.com/1462422265893156,No
Tilesurfers,https://www.facebook.com/119689207198650,No
Tillamook County Creamery Association,https://www.facebook.com/Tillamook,No
Timeless Beauty SkinCare Studio/ Venice FL,https://www.facebook.com/122265020408024703,No
TLC Flooring,https://www.facebook.com/722907419096170,No
T-Mobile,https://www.facebook.com/10162771174983895,No
Topnotchidiots,https://www.facebook.com/topnotchidiots,No
Town And Towers Group - Music Management and Record Label,https://www.facebook.com/949945550470589,No
Traditional European Deli,https://www.facebook.com/552396726687749,No
Travelocity,https://www.facebook.com/923550858939553,No
Trenzey,https://www.facebook.com/960695758344853,No
TriNet,https://www.facebook.com/719403723528157,No
Tripadvisor,https://www.facebook.com/1057765496498355,No
Tyson Brand,https://www.facebook.com/248487397826686,No
UFC,https://www.facebook.com/680398864209074,No
Uhuru Kenyatta supporters,https://www.facebook.com/641428554013925,No
Ultras Automate,https://www.facebook.com/122104060827160569,No
Umbria Williams,https://www.facebook.com/profile.php?id=100086765520254,No
United,https://www.facebook.com/United,No
Universal Orlando Resort,https://www.facebook.com/1149186247242746,No
Universal Yums,https://www.facebook.com/universalyums,No
University of Phoenix,https://www.facebook.com/701081228712929,No
USA Lab,https://www.facebook.com/1196227997977434,No
USA Network,https://www.facebook.com/1341620738001930,No
Uthongo Mabaso,https://www.facebook.com/122212813880246394,No
Utopia Grilling of SW Florida,https://www.facebook.com/291846753770321,No
Valerie Kammermeier,https://www.facebook.com/10234837204927708,No
Valvoline Global Operations,https://www.facebook.com/valvoline,No
Venice Estate Sales & Gallery,https://www.facebook.com/122251112108075040,No
Venice Liquor and Wine,https://www.facebook.com/122156027006627470,No
Venice Peace Project,https://www.facebook.com/1325925401584801,No
Venice Sign Shop,https://www.facebook.com/1135863124897745,No
Venice Yoga Co.,https://www.facebook.com/10160635604101223,No
Venice-Nokomis Rotary Club,https://www.facebook.com/4342687425793907,No
Verizon,https://www.facebook.com/494835202931305,No
Victoria Shilenko Realtor at Realty ONE Group MVP,https://www.facebook.com/166462602152400,No
Viraldoorstep,https://www.facebook.com/122189028920050742,No
Virgin Radio Lebanon,https://www.facebook.com/profile.php?id=100064803455852,No
VistaPrint,https://www.facebook.com/683304737259563,No
Vivint,https://www.facebook.com/729867539388220,No
VIVITROL® (naltrexone for extended-release injectable suspension) 380 mg/vial,https://www.facebook.com/1079661876094705,No
Volvo Car USA,https://www.facebook.com/10159567460929489,No
Vrbo,https://www.facebook.com/645687094089729,No
VTTSarasota.fight,https://www.facebook.com/122192763800155569,No
Watchful Spiffy,https://www.facebook.com/profile.php?id=61560547498085,No
Wayfair,https://www.facebook.com/wayfair,No
Wells Fargo,https://www.facebook.com/648607397296146,No
Whatrvdoing,https://www.facebook.com/profile.php?id=100086407638503,No
Whole Foods Market,https://www.facebook.com/697305315760994,No
Willy Y Yahaira Ponce-Pastores,https://www.facebook.com/10168185708705244,No
Wix,https://www.facebook.com/650165507147365,No
Woodland Direct,https://www.facebook.com/5940096582729667,No
WP Engine,https://www.facebook.com/1230874619078481,No
Wright State Nutter Center,https://www.facebook.com/163445160010130,No
Xfinity,https://www.facebook.com/577526574395671,No
XII Legions,https://www.facebook.com/profile.php?id=61571989206375,No
Xoom,https://www.facebook.com/947275280762911,No
Your Local Ford Store Dealers,https://www.facebook.com/yourlocalfordstoredealers,No
Yuengling Beer,https://www.facebook.com/Yuengling,No
Yumi Nico,https://www.facebook.com/4383875895173720,No
Zacapa Rum,https://www.facebook.com/789656129871174,No
Zapier,https://www.facebook.com/5421201827901056,No
Zaw Zaw,https://www.facebook.com/884797220682250,No
,,
,,
,,
,,
,,
,,
,,
,,
,,
,,
,,
,,
,,
,,
,,
,,
,,
,,
,,
,,
,,
,,
,,
,,
,,
,,
,,
,,
,,
,,
,,
,,
,,
,,
,,
,,
,,
,,
,,
,,
,,
,,
,,
,,
,,
,,
,,
,,
,,
,,
,,
,,
,,
,,
,,
,,
,,
,,
,,
,,
,,
,,
,,
,,
,,
,,
,,
,,
,,
,,
,,
,,
,,
,,
,,
,,
,,
,,
,,
,,
,,
,,
,,
,,
,,
,,
,,
,,
,,
,,
,,
,,
,,
,,
,,
,,
,,
,,
,,
,,
,,
,,
,,
,,
,,
,,
,,
,,
,,
,,
,,
,,
,,
,,
,,
,,
,,
,,
,,
,,
,,
,,
,,
,,
,,
,,
,,
,,
,,
,,
,,
,,
,,
,,
,,
,,
,,
,,
,,
,,
,,
,,
,,
,,
,,
,,
,,
,,
,,
,,
,,
,,
,,
,,
,,
,,
,,
,,
,,
,,
,,
,,
,,
,,
,,
,,
,,
,,
,,
,,
,,
,,
,,
,,
,,
,,
,,
,,
,,
,,
,,
,,
,,
,,
,,
,,
,,
,,
,,
,,
,,
,,
,,
,,
,,
,,
,,
,,
,,
,,
,,
,,
,,
,,
,,
,,
,,
,,
,,
,,
,,
,,
,,
,,
,,
,,
,,
,,
,,
,,
,,
,,
,,
,,
,,
,,
,,
,,
,,
,,
,,
,,
,,
,,
,,
,,
,,
,,
,,
,,
,,
,,
,,
,,
,,
,,
,,
,,
,,
,,
,,
,,
,,
,,
,,
,,
,,
,,
,,
,,
,,
,,
,,
,,
,,
,,
,,
,,
,,
,,
,,
,https://www.facebook.com/8820249724664972,No
